[{"schemeId":5,"schemeName":"Default","adapterType":"google-calendar","group":null,"active":true,"adapterMetadataList":[],"requestHeaders":[],"restTemplates":{"QUERY_RECORD_BY_ID":{"templateId":17,"operation":"QUERY_RECORD_BY_ID","httpVerb":"GET","restUrl":"v3/calendars/${calendar}/events/${recordId}","specifications":{"Request":{"specId":33,"type":"Request","adapterType":null,"specType":null,"status":"Active","specification":null,"samplePayload":null,"contentAvailable":false,"statusCode":2},"Response":{"specId":34,"type":"Response","adapterType":null,"specType":"JOLT","status":"Active","specification":"[\n\n  {\n    \"operation\": \"shift\",\n    \"spec\": {\n      \"id\": \"&\",\n      \"created\": \"fields.&\",\n      \"updated\": \"fields.&\",\n      \"status\": \"fields.&\",\n      \"summary\": \"fields.&\",\n      \"creator\": {\n        \"email\": \"fields.&\"\n      },\n      \"start\": {\n        \"date\": \"fields.startDate\"\n      },\n      \"end\": {\n        \"date\": \"fields.endDate\"\n      },\n      \"htmlLink\": \"fields.&\"\n    }\n  }\n]\n","samplePayload":"{\n    \"kind\": \"calendar#event\",\n    \"etag\": \"\\\"3383030089891000\\\"\",\n    \"id\": \"5sho695p81skgpjrio2mkilgbt\",\n    \"status\": \"cancelled\",\n    \"htmlLink\": \"https://www.google.com/calendar/event?eid=NXNobzY5NXA4MXNrZ3BqcmlvMm1raWxnYnQgam9obmF0aGFuLm1jZ293YW5AYnJvYWRjb20uY29t\",\n    \"created\": \"2023-08-08T17:13:58.000Z\",\n    \"updated\": \"2023-08-08T17:20:51.138Z\",\n    \"summary\": \"OOO Test\",\n    \"creator\": {\n        \"email\": \"johnathan.mcgowan@broadcom.com\",\n        \"displayName\": \"Johnathan McGowan\",\n        \"self\": true\n    },\n    \"organizer\": {\n        \"email\": \"unknownorganizer@calendar.google.com\",\n        \"displayName\": \"Unknown Organizer\"\n    },\n    \"start\": {\n        \"dateTime\": \"2023-08-12T14:00:00-04:00\",\n        \"timeZone\": \"America/New_York\"\n    },\n    \"end\": {\n        \"dateTime\": \"2023-08-12T15:00:00-04:00\",\n        \"timeZone\": \"America/New_York\"\n    },\n    \"visibility\": \"public\",\n    \"iCalUID\": \"5sho695p81skgpjrio2mkilgbt@google.com\",\n    \"sequence\": 1,\n    \"attendees\": [\n        {\n            \"email\": \"johnathan.mcgowan@broadcom.com\",\n            \"displayName\": \"Johnathan McGowan\",\n            \"self\": true,\n            \"responseStatus\": \"accepted\"\n        }\n    ],\n    \"privateCopy\": true,\n    \"reminders\": {\n        \"useDefault\": false\n    },\n    \"eventType\": \"outOfOffice\"\n}","contentAvailable":true,"statusCode":2}}},"UPDATE_RECORD":{"templateId":19,"operation":"UPDATE_RECORD","httpVerb":"POST","restUrl":"n/a","specifications":{"Request":{"specId":35,"type":"Request","adapterType":null,"specType":"None","status":"Active","specification":"{}","samplePayload":"{\n  \"id\": \"TP-4\",\n  \"fields\": {\n    \"summary\": \"Test for API creation 2\",\n    \"description\": \"Test for API creation 2\",\n    \"assignee\": \"admin\",\n    \"priority\": \"1\",\n    \"reporter\": \"admin\"\n  }\n}","contentAvailable":true,"statusCode":2},"Response":{"specId":36,"type":"Response","adapterType":null,"specType":"None","status":"Active","specification":"{}","samplePayload":"{\n  \"id\": \"TP-4\",\n  \"fields\": {\n    \"summary\": \"Test for API creation 2\",\n    \"description\": \"Test for API creation 2\",\n    \"priority\": \"1\",\n    \"modifiedTime\": \"01-04-2019 11:46:30.124\",\n    \"severity\": \"2\",\n    \"status\": \"Open\"\n  }\n}","contentAvailable":true,"statusCode":2}}},"CREATE_RECORD":{"templateId":18,"operation":"CREATE_RECORD","httpVerb":"PUT","restUrl":"n/a","specifications":{"Request":{"specId":37,"type":"Request","adapterType":null,"specType":"None","status":"Active","specification":"{}","samplePayload":"{\n  \"fields\": {\n    \"summary\": \"Test for API creation 2\",\n    \"description\": \"Test for API creation 2\",\n    \"priority\": \"1\",\n    \"modifiedTime\": \"01-04-2019 11:46:30.124\",\n    \"severity\": \"2\",\n    \"status\": \"Open\"\n  }\n}","contentAvailable":true,"statusCode":2},"Response":{"specId":38,"type":"Response","adapterType":null,"specType":"None","status":"Active","specification":"{}","samplePayload":"{\n  \"id\": \"TP-4\",\n  \"fields\": {\n    \"summary\": \"Test for API creation 2\",\n    \"description\": \"Test for API creation 2\",\n    \"priority\": \"1\",\n    \"modifiedTime\": \"01-04-2019 11:46:30.124\",\n    \"severity\": \"2\",\n    \"status\": \"Open\"\n  }\n}","contentAvailable":true,"statusCode":2}}},"QUERY_MODIFIED_RECORDS":{"templateId":20,"operation":"QUERY_MODIFIED_RECORDS","httpVerb":"GET","restUrl":"v3/calendars/${calendar}/events?q=OOO&orderBy=updated&maxResults=1000&showDeleted=true&updatedMin=${last-modified-time}","specifications":{"Request":{"specId":39,"type":"Request","adapterType":null,"specType":null,"status":"Active","specification":null,"samplePayload":null,"contentAvailable":false,"statusCode":2},"Response":{"specId":40,"type":"Response","adapterType":null,"specType":"JOLT","status":"Active","specification":"[\n\n  {\n    \"operation\": \"shift\",\n    \"spec\": {\n      \"items\": {\n        \"*\": {\n          \"id\": \"result.[&1].id\",\n          \"created\": \"result.[&1].fields.&\",\n          \"updated\": \"result.[&1].fields.&\",\n          \"status\": \"result.[&1].fields.&\",\n          \"summary\": \"result.[&1].fields.&\",\n          \"creator\": {\n            \"email\": \"result.[&2].fields.&\"\n          },\n          \"start\": {\n            \"date\": \"result.[&2].fields.startDate\"\n          },\n          \"end\": {\n            \"date\": \"result.[&2].fields.endDate\"\n          },\n          \"htmlLink\": \"result.[&1].fields.&\"\n        }\n      }\n    }\n  },\n  {\n    \"operation\": \"default\",\n    \"spec\": {\n      \"result\": []\n    }\n }, {\n    \"operation\": \"modify-overwrite-beta\",\n    \"spec\": {\n      \"totalrecords\": \"=size(@(1,result))\"\n    }\n  }\n]\n","samplePayload":"{\n    \"kind\": \"calendar#events\",\n    \"etag\": \"\\\"p338ah3lmhj8o00o\\\"\",\n    \"summary\": \"johnathan.mcgowan@broadcom.com\",\n    \"description\": \"\",\n    \"updated\": \"2023-08-10T02:58:53.778Z\",\n    \"timeZone\": \"America/New_York\",\n    \"accessRole\": \"owner\",\n    \"defaultReminders\": [\n        {\n            \"method\": \"popup\",\n            \"minutes\": 10\n        }\n    ],\n    \"nextSyncToken\": \"CNCojraM0YADENCojraM0YADGAUg7-T7hwI=\",\n    \"items\": [\n        {\n            \"kind\": \"calendar#event\",\n            \"etag\": \"\\\"3383030089891000\\\"\",\n            \"id\": \"5sho695p81skgpjrio2mkilgbt\",\n            \"status\": \"cancelled\",\n            \"htmlLink\": \"https://www.google.com/calendar/event?eid=NXNobzY5NXA4MXNrZ3BqcmlvMm1raWxnYnQgam9obmF0aGFuLm1jZ293YW5AYnJvYWRjb20uY29t\",\n            \"created\": \"2023-08-08T17:13:58.000Z\",\n            \"updated\": \"2023-08-08T17:20:51.138Z\",\n            \"summary\": \"OOO Test\",\n            \"creator\": {\n                \"email\": \"johnathan.mcgowan@broadcom.com\",\n                \"displayName\": \"Johnathan McGowan\",\n                \"self\": true\n            },\n            \"organizer\": {\n                \"email\": \"unknownorganizer@calendar.google.com\",\n                \"displayName\": \"Unknown Organizer\"\n            },\n            \"start\": {\n                \"dateTime\": \"2023-08-12T14:00:00-04:00\",\n                \"timeZone\": \"America/New_York\"\n            },\n            \"end\": {\n                \"dateTime\": \"2023-08-12T15:00:00-04:00\",\n                \"timeZone\": \"America/New_York\"\n            },\n            \"visibility\": \"public\",\n            \"iCalUID\": \"5sho695p81skgpjrio2mkilgbt@google.com\",\n            \"sequence\": 1,\n            \"attendees\": [\n                {\n                    \"email\": \"johnathan.mcgowan@broadcom.com\",\n                    \"displayName\": \"Johnathan McGowan\",\n                    \"self\": true,\n                    \"responseStatus\": \"accepted\"\n                }\n            ],\n            \"privateCopy\": true,\n            \"reminders\": {\n                \"useDefault\": false\n            },\n            \"eventType\": \"outOfOffice\"\n        }\n    ]\n}","contentAvailable":true,"statusCode":2}}}},"default":true}]