{"version":null,"displayName":"Google Calendar","type":"google-calendar","logo":"Google_Calendar_icon.png","logoSmall":"Google_Calendar_icon.png","metadata":[{"name":"calendar","dependent":false,"dependentMetadata":null,"values":[],"apiConfig":{"api":"/v3/users/me/calendarList","idJsonPath":"$.items..id","valueJsonPath":"$.items..summary","headers":null}}],"fields":[{"id":"summary","name":"Summary","datatype":"String","values":null},{"id":"endDate","name":"Event End Date","datatype":"Date","values":null},{"id":"created","name":"Created","datatype":"Datetime","values":null},{"id":"htmlLink","name":"HTML Link","datatype":"String","values":null},{"id":"id","name":"Id","datatype":"String","values":null},{"id":"updated","name":"Updated","datatype":"Datetime","values":null},{"id":"email","name":"Email","datatype":"String","values":null},{"id":"startDate","name":"Event Start Date","datatype":"Date","values":null},{"id":"status","name":"Event Status","datatype":"String","values":[{"id":"confirmed","name":"Confirmed","attributeName":null,"referenceType":null,"dependents":null,"attributes":null,"regex":false},{"id":"cancelled","name":"Cancelled","attributeName":null,"referenceType":null,"dependents":null,"attributes":null,"regex":false}]}],"loginOptions":[],"idFieldName":"id","titleFieldName":"summary","projectFieldName":"calendar","artifactFieldName":"","testStepsFieldName":null,"changedDateFieldName":"updated","dateFormat":"yyyy-MM-dd","dateTimeFormat":"yyyy-MM-dd'T'HH:mm:ss.SSS'Z'","queryDateFormat":"yyyy-MM-dd'T'HH:mm:ss'Z'","queryDateFormatType":"DATE_TIME_FORMAT","iso8601DateFormat":false,"commentFieldName":null,"commentFieldId":null,"attachmentFieldName":null,"attachmentFieldId":null,"apiVersion":null,"callBackUrlConfigured":false,"callBackUrls":null,"apiProvider":"ExternalApplication","applicationType":null,"urlDescription":"Google calendar URL: https://content.googleapis.com/calendar","userNameDescription":"User email","passwordDescription":"NO PASSWORD NEEDED USE API KEY Instead","paginationSupported":false,"paginationAttributes":null,"status":"Active","active":true,"commentSyncSupported":false,"attachmentSyncSupported":false,"syncModel":"ReadWrite","availableRestOperations":null,"multiProjectSupported":false,"projectLoginRequired":false,"conjunctionOperator":""}